Dataset,Field,Key,Rows,Columns,Classes,Smallest class,Missing cells,Source,Notes
Breast cancer (Wisconsin diagnostic),Medicine,breast_cancer,569,30,2,212,0,"Street, W.N., Wolberg, W.H. and Mangasarian, O.L. (1993). Nuclear feature extraction for breast tumor diagnosis. IS&T/SPIE International Symposium on Electronic Imaging, 1905, 861-870.",
Pima Indians diabetes,Medicine,pima,532,7,2,177,0,"Smith, J.W. et al. (1988). Using the ADAP learning algorithm to forecast the onset of diabetes mellitus. Proc. Symposium on Computer Applications in Medical Care, 261-265. Via R package MASS (Venables and Ripley, 2002).",Pima.tr and Pima.te combined.
Low birth weight,Medicine (obstetrics),birthwt,183,8,2,59,0,"Hosmer, D.W. and Lemeshow, S. (1989). Applied Logistic Regression. Wiley. Via R package MASS (Venables and Ripley, 2002).","Column 'bwt' (the birth weight itself) removed: it defines the class exactly (low = bwt < 2500 g), so keeping it would leak the answer."
Iris flowers,Botany,iris,149,4,3,49,0,"Fisher, R.A. (1936). The use of multiple measurements in taxonomic problems. Annals of Eugenics, 7(2), 179-188.",
Wine cultivars,Chemistry,wine,178,13,3,48,0,"Aeberhard, S., Coomans, D. and de Vel, O. (1992). Comparison of classifiers in high dimensional settings. Tech. Rep. 92-02, James Cook University of North Queensland.",
Handwritten digits (8x8),Computer vision,digits,1797,61,10,174,0,"Alpaydin, E. and Kaynak, C. (1998). Cascading classifiers. Kybernetika, 34(4), 369-374.",
Women's labour-force participation (Canada),Sociology / economics,womenlf,263,3,3,42,0,"Social Change in Canada Project, York Institute for Social Research. Via R package car (Fox and Weisberg, 2011).",
Chile 1988 plebiscite voting intention,Political science,chile,2523,7,4,187,107,"FLACSO/Chile survey. Via R package car (Fox and Weisberg, 2011).",Four classes; contains missing values (rows without a vote are removed by EasyClassifier).
US election turnout (1992 NES),Political science,turnout,1965,4,2,504,0,"King, G., Tomz, M. and Wittenberg, J. (2000). Making the most of statistical analyses. American Journal of Political Science, 44, 341-355. Via R package Zelig.",
Volunteering for psychological research,Psychology,cowles,1421,3,2,597,0,"Cowles, M. and Davis, C. (1987). The subject matter of psychology: Volunteers. British Journal of Social Psychology, 26, 97-102. Via R package car.",
Random labels (negative control),Control,noise,300,10,2,145,0,"Synthetic: 300 rows, 10 random columns, random labels (seed 2026).",True performance is 50% balanced accuracy by construction.
