Dataset,Final-score method,Naive estimate,Comparison best,EasyClassifier final,External (truth),Bias naive,Bias comparison,Bias final
Breast cancer (Wisconsin diagnostic),nested CV,0.9736061055755777,0.9805314112076885,0.976750759663628,0.9608762868486701,0.009066911590826584,0.019655124359018433,0.015874472814957907
Pima Indians diabetes,nested CV,0.7376485767982626,0.7378718387454818,0.7181504869683311,0.7191869658304624,0.016461390711533557,0.018684872915019485,-0.001036478862131207
Low birth weight,nested CV,0.6381164256581386,0.6377456433073786,0.574898034853541,0.5496415770609319,0.09922753676924982,0.08810406624644669,0.0252564577926091
Iris flowers,nested CV,0.9727777777777779,0.9685185185185184,0.9548148148148147,0.9199999999999999,0.05277777777777778,0.048518518518518516,0.03481481481481474
Wine cultivars,nested CV,0.9799914857386122,0.9838229033631333,0.9683908045977012,0.978835978835979,0.004859210606337021,0.004986924527154361,-0.010445174238277658
Handwritten digits (8x8),nested CV,0.9750757839173182,0.9732781477996512,0.9646906836329542,0.9725771794684248,0.0021605100959244763,0.0007009683312263112,-0.007886495835470705
Women's labour-force participation (Canada),nested CV,0.5305435305435307,0.5137085137085137,0.48773448773448774,0.49430199430199434,0.05498205498205505,0.019406519406519367,-0.006567506567506616
Chile 1988 plebiscite voting intention,nested CV,0.5122767753240104,0.5128801178340349,0.5118757938170381,0.5088430501773722,0.001234636187205096,0.004037067656662711,0.0030327436396658802
US election turnout (1992 NES),nested CV,0.5872055519315792,0.5877491483655867,0.5783485540334855,0.5795188876584225,0.015577934476328456,0.008230260707164224,-0.0011703336249370144
Volunteering for psychological research,nested CV,0.5446721400490867,0.5434341130731305,0.5290474794205166,0.5089754413308656,0.03126580176938413,0.03445867174226495,0.020072038089651006
Random labels (negative control),nested CV,0.5286680911680911,0.5564458689458689,0.48806980056980054,0.4787997390737117,0.09902923687170263,0.07764612987215723,0.009270061496088888
