dataset,seed,method,validation,n_dev,n_ext,naive_winner,naive,external_naive,tool_winner,comparison,final,external_tool,bias_naive,bias_comparison,bias_final
breast_cancer,0,nested,stratified,284,285,logistic_regression,0.9594551621793512,0.9633182249393908,neural_network,0.9727051091795633,0.9707971168115328,0.9456888373563824,-0.0038630627600395595,0.027016271823180893,0.025108279455150373
breast_cancer,1,nested,stratified,284,285,neural_network,0.9830400678397286,0.9689048171181617,logistic_regression,0.9858490566037736,0.9783230867076531,0.9689048171181617,0.014135250721566961,0.016944239485611967,0.009418269589491435
breast_cancer,2,nested,stratified,284,285,logistic_regression,0.9783230867076531,0.9613945398967008,neural_network,0.9830400678397286,0.9811320754716981,0.9680352060714662,0.01692854681095235,0.015004861768262434,0.013096869400231914
pima,0,nested,stratified,266,266,neural_network,0.74960325017457,0.7110572012257406,random_forest,0.7215451025201549,0.7074208087348441,0.6938840653728294,0.0385460489488294,0.027661037147325485,0.013536743362014714
pima,1,nested,stratified,266,266,logistic_regression,0.7251021450459654,0.7244017012632515,naive_bayes,0.7425306435137895,0.736784984678243,0.7355741763473624,0.0007004437827138332,0.0069564671664270605,0.0012108083308806084
pima,2,nested,stratified,266,266,naive_bayes,0.7382403351742526,0.7281026557711952,naive_bayes,0.7495397702025011,0.7102456674919062,0.7281026557711952,0.010137679403057431,0.021437114431305915,-0.017856988279288943
birthwt,0,nested,stratified,91,92,decision_tree,0.6629588431590656,0.5134408602150538,neural_network,0.6020578420467185,0.5848164627363737,0.5284946236559139,0.14951798294401186,0.0735632183908046,0.056321839080459735
birthwt,1,nested,stratified,91,92,logistic_regression,0.6262513904338154,0.5602150537634408,naive_bayes,0.6860400444938821,0.6170745272525028,0.5774193548387097,0.06603633667037456,0.10862068965517246,0.03965517241379313
birthwt,2,nested,stratified,91,92,random_forest,0.625139043381535,0.543010752688172,random_forest,0.625139043381535,0.5228031145717464,0.543010752688172,0.08212829069336303,0.08212829069336303,-0.020207638116425564
iris,0,nested,kfold5,74,75,decision_tree,0.9722222222222222,0.8933333333333334,decision_tree,0.9861111111111112,0.9722222222222222,0.8933333333333334,0.07888888888888879,0.09277777777777774,0.07888888888888879
iris,1,nested,kfold5,74,75,svm,0.9727777777777779,0.9199999999999999,svm,0.9461111111111111,0.9188888888888888,0.9199999999999999,0.05277777777777792,0.026111111111111196,-0.0011111111111111738
iris,2,nested,kfold5,74,75,neural_network,0.9733333333333333,0.9466666666666667,neural_network,0.9733333333333333,0.9733333333333333,0.9466666666666667,0.026666666666666616,0.026666666666666616,0.026666666666666616
wine,0,nested,kfold5,89,89,random_forest,0.9814814814814815,0.9793650793650794,random_forest,0.9907407407407408,0.9907407407407408,0.9793650793650794,0.002116402116402072,0.011375661375661372,0.011375661375661372
wine,1,nested,kfold5,89,89,naive_bayes,0.9907407407407408,0.9793650793650794,naive_bayes,0.9907407407407408,0.976851851851852,0.9793650793650794,0.011375661375661372,0.011375661375661372,-0.0025132275132274673
wine,2,nested,kfold5,89,89,naive_bayes,0.9677522349936143,0.9666666666666667,random_forest,0.9699872286079182,0.937579821200511,0.9777777777777779,0.0010855683269476168,-0.007790549169859662,-0.04019795657726688
digits,0,nested,kfold5,898,899,neural_network,0.9765750466331637,0.9668392726713566,neural_network,0.9788591420633266,0.974300616082871,0.9668392726713566,0.009735773961807137,0.012019869391969973,0.007461343411514387
digits,1,nested,kfold5,898,899,svm,0.9743406143987314,0.9788549774789519,svm,0.968796994473089,0.9632153347534983,0.9788549774789519,-0.004514363080220463,-0.010057983005862914,-0.015639642725453595
digits,2,nested,kfold5,898,899,svm,0.9743116907200596,0.9730515713138729,neural_network,0.9721783068625378,0.956556100062493,0.9720372882549659,0.0012601194061867549,0.00014101860757187445,-0.015481188192472906
womenlf,0,nested,stratified,131,132,decision_tree,0.595959595959596,0.45010545010545006,neural_network,0.541125541125541,0.5367965367965367,0.45559995559995564,0.14585414585414597,0.08552558552558537,0.08119658119658107
womenlf,1,nested,stratified,131,132,neural_network,0.5266955266955268,0.5068820068820069,svm,0.5050505050505051,0.47474747474747475,0.49106449106449107,0.019813519813519864,0.013986013986014012,-0.01631701631701632
womenlf,2,nested,stratified,131,132,knn,0.46897546897546905,0.4696969696969697,random_forest,0.494949494949495,0.45165945165945165,0.5362415362415363,-0.0007215007215006786,-0.04129204129204128,-0.0845820845820846
chile,0,nested,stratified,1261,1262,svm,0.5041821273964131,0.5158827827318611,logistic_regression,0.5071288926127635,0.5122623536218006,0.510283130847647,-0.011700655335447951,-0.0031542382348834774,0.001979222774153633
chile,1,nested,stratified,1261,1262,logistic_regression,0.5228308845532348,0.5086716787232769,logistic_regression,0.5218081074071858,0.5150016458196182,0.5086716787232769,0.014159205829957888,0.013136428683908852,0.00632996709634126
chile,2,nested,stratified,1261,1262,neural_network,0.5098173140223832,0.5085719559552778,logistic_regression,0.5097033534821553,0.5083633820096953,0.5075743409611926,0.001245358067105351,0.0021290125209627586,0.0007890410485027477
turnout,0,nested,stratified,982,983,knn,0.5799141117634268,0.570828719084533,random_forest,0.5809306370950207,0.5710806697108066,0.5906021323257985,0.009085392678893744,-0.009671495230777816,-0.01952146261499188
turnout,1,nested,stratified,982,983,random_forest,0.5848282235268536,0.5784259440210192,random_forest,0.6026146988475756,0.5788758425744727,0.5797260764771025,0.006402279505834385,0.022888622370473066,-0.0008502339026298378
turnout,2,nested,stratified,982,983,random_forest,0.5968743205044574,0.5656281892602002,random_forest,0.579702109154164,0.5850891498151772,0.5682284541723666,0.031246131244257236,0.011473654981797421,0.016860695642810675
cowles,0,nested,kfold5,710,711,decision_tree,0.569671597054799,0.518764002987304,knn,0.5505717729849482,0.5306900371408093,0.5206270091242653,0.05090759406749501,0.0299447638606829,0.010063028016544018
cowles,1,nested,kfold5,710,711,knn,0.5078435524858279,0.5081379679838945,knn,0.5269433765556787,0.5073792923698444,0.509972562262558,-0.0002944154980666358,0.01697081429312064,-0.00259326989271369
cowles,2,nested,kfold5,710,711,random_forest,0.5565012706066332,0.5133170438679092,knn,0.5527871896787646,0.549073108750896,0.4963267526057733,0.04318422673872402,0.05646043707299131,0.052746356145122686
noise,0,nested,kfold5,150,150,logistic_regression,0.5048076923076923,0.4132716598470023,random_forest,0.5235042735042734,0.452991452991453,0.4699341754136275,0.09153603246068998,0.053570098090645946,-0.016942722422174483
noise,1,nested,kfold5,150,150,random_forest,0.5395299145299146,0.41291585127201563,naive_bayes,0.578525641025641,0.5176282051282051,0.398505603985056,0.12661406325789898,0.18002003704058495,0.11912260114314904
noise,2,nested,kfold5,150,150,svm,0.5416666666666666,0.46272905177014767,decision_tree,0.5673076923076923,0.4935897435897436,0.5679594378224515,0.07893761489651896,-0.0006517455147592166,-0.0743696942327079
