dataset,distance,mean,sd
breast_cancer,hassanat,0.9576343721242182,0.016205186979196647
breast_cancer,euclidean,0.9567074605254264,0.01983240142474326
breast_cancer,manhattan,0.9571758067786564,0.016540381271109822
breast_cancer,chebyshev,0.9355016728276636,0.020033096891593376
breast_cancer,canberra,0.9537164199668295,0.01626438187356527
breast_cancer,cosine,0.9544483308117439,0.008083819635841046
breast_cancer,euclidean_unscaled,0.9195977544855698,0.023246814873191857
breast_cancer,hassanat_unscaled,0.9487578572208445,0.020570148790808825
breast_cancer,hassanat_standardised,0.9566747058578862,0.015168982208410056
pima,hassanat,0.7126212832550861,0.029436795960677956
pima,euclidean,0.7076727028839704,0.034355113134268096
pima,manhattan,0.7026816454281243,0.03651710189112353
pima,chebyshev,0.6850564498099709,0.0435189351281312
pima,canberra,0.7104504806617482,0.026604670395528298
pima,cosine,0.7353621730382294,0.02157260227422677
pima,euclidean_unscaled,0.7154214173932483,0.034094500787442195
pima,hassanat_unscaled,0.6913928012519561,0.031249911197385977
pima,hassanat_standardised,0.7047747596691257,0.028166409917601318
birthwt,hassanat,0.5776060606060607,0.07316007582154953
birthwt,euclidean,0.5897803030303029,0.060682153935438535
birthwt,manhattan,0.5929848484848484,0.06865830697015891
birthwt,chebyshev,0.5624015151515153,0.06370192680384636
birthwt,canberra,0.5794015151515151,0.04617673273806426
birthwt,cosine,0.5919924242424242,0.06678715819714906
birthwt,euclidean_unscaled,0.531310606060606,0.05080147920342671
birthwt,hassanat_unscaled,0.5665606060606061,0.07739265961886398
birthwt,hassanat_standardised,0.5651060606060605,0.049176557865362625
iris,hassanat,0.9459259259259258,0.03617094336242961
iris,euclidean,0.9496296296296297,0.0362130564787565
iris,manhattan,0.9459259259259258,0.03617094336242961
iris,chebyshev,0.9325925925925926,0.04447187082437304
iris,canberra,0.9362962962962962,0.04631851318774367
iris,cosine,0.855185185185185,0.06722332754252312
iris,euclidean_unscaled,0.9662962962962964,0.041918989087173064
iris,hassanat_unscaled,0.9492592592592594,0.039662115065100624
iris,hassanat_standardised,0.9496296296296297,0.0362130564787565
wine,hassanat,0.96,0.041707085460101594
wine,euclidean,0.9722222222222223,0.031941637240134706
wine,manhattan,0.9741269841269842,0.030404180800154723
wine,chebyshev,0.9412962962962963,0.04026854207570626
wine,canberra,0.9665873015873017,0.03562785936959597
wine,cosine,0.9696825396825398,0.03124337504311903
wine,euclidean_unscaled,0.6740740740740742,0.036439284854024576
wine,hassanat_unscaled,0.9577777777777777,0.03592588696415745
wine,hassanat_standardised,0.9623809523809526,0.04338011312995334
digits,hassanat,0.9812076614429556,0.006003285943865326
digits,euclidean,0.9754215938627702,0.007327479591906696
digits,manhattan,0.976136195018548,0.005132304193777695
digits,chebyshev,0.9291033260150907,0.012367634523469154
digits,canberra,0.9575280742927801,0.006919091898168949
digits,cosine,0.9654885053120348,0.006663732927974411
digits,euclidean_unscaled,0.9854546268958032,0.008101198754070137
digits,hassanat_unscaled,0.9706080954904485,0.007198433803833419
digits,hassanat_standardised,0.9702204178968884,0.005486033840702113
womenlf,hassanat,0.49226059185736604,0.046202301458569274
womenlf,euclidean,0.519452485984744,0.06452378561274195
womenlf,manhattan,0.5100926254152062,0.04828988527828625
womenlf,chebyshev,0.5080425249780088,0.04043289760609868
womenlf,canberra,0.5013427731169666,0.05049584519777071
womenlf,cosine,0.5170715336037917,0.06168892809197682
womenlf,euclidean_unscaled,0.48124351753384015,0.08006027603519501
womenlf,hassanat_unscaled,0.49118532304016177,0.045010399754471186
womenlf,hassanat_standardised,0.504253974818491,0.045774108324360796
chile,hassanat,0.47441668035418694,0.014723577536018499
chile,euclidean,0.48066664539506865,0.02051798364718493
chile,manhattan,0.47924429330293794,0.02146399647418324
chile,chebyshev,0.48721023817163517,0.01458945449279933
chile,canberra,0.4498700796367593,0.017326256219364386
chile,cosine,0.47731881671592563,0.019311868438213448
chile,euclidean_unscaled,0.36299333664898736,0.02358678433695773
chile,hassanat_unscaled,0.4496684815270477,0.022054442409586202
chile,hassanat_standardised,0.4757167592381033,0.025245656761087056
turnout,hassanat,0.5768699653148259,0.031425963145415195
turnout,euclidean,0.5772173655932146,0.014042932025540494
turnout,manhattan,0.5821984391903119,0.026776925339483486
turnout,chebyshev,0.5677537403560357,0.015428392369328837
turnout,canberra,0.5898189325594863,0.020243866545193966
turnout,cosine,0.5848679507695498,0.021510096402827486
turnout,euclidean_unscaled,0.5816153218388835,0.015348095979365397
turnout,hassanat_unscaled,0.5602181634031372,0.024186771848738978
turnout,hassanat_standardised,0.5813443192091429,0.03041750621679669
cowles,hassanat,0.5261215040339859,0.03863260036246429
cowles,euclidean,0.5332771323607048,0.020602965604580924
cowles,manhattan,0.5324907224530611,0.025658176129690135
cowles,chebyshev,0.5334835441937307,0.02541671013017903
cowles,canberra,0.5404216431583719,0.021363701083624512
cowles,cosine,0.5428356841628004,0.028238019375440477
cowles,euclidean_unscaled,0.5282892669262826,0.016560005821515192
cowles,hassanat_unscaled,0.5253180296508848,0.02743298659822679
cowles,hassanat_standardised,0.5303260029067058,0.025644224169136583
